{"cameraMode":{"drawMode":0,"name":"Shaded","section":"Shading Mode"},"sceneLighting":false,"audioPlay":false,"sceneViewState":{"showFog":true,"showMaterialUpdate":false,"showSkybox":false,"showFlares":true,"showImageEffects":true,"showParticleSystems":true},"in2DMode":false,"pivot":{"x":4.008023262023926,"y":14.697471618652344,"z":2.753382682800293},"rotation":{"x":0.38737067580223086,"y":0.012442929670214653,"z":-0.005224369000643492,"w":0.9218407273292542},"size":20.345218658447267,"orthographic":false}