{"cameraMode":{"drawMode":0,"name":"Shaded","section":"Shading Mode"},"sceneLighting":false,"audioPlay":false,"sceneViewState":{"showFog":true,"showMaterialUpdate":false,"showSkybox":false,"showFlares":true,"showImageEffects":true,"showParticleSystems":true},"in2DMode":false,"pivot":{"x":0.026859883219003679,"y":0.029881566762924196,"z":-0.0019175410270690919},"rotation":{"x":0.4112386405467987,"y":-0.21276500821113587,"z":0.09931254386901856,"w":0.880790650844574},"size":0.5371106863021851,"orthographic":false}