{"cameraMode":{"drawMode":0,"name":"Shaded","section":"Shading Mode"},"sceneLighting":false,"audioPlay":false,"sceneViewState":{"showFog":true,"showMaterialUpdate":false,"showSkybox":false,"showFlares":true,"showImageEffects":true,"showParticleSystems":true},"in2DMode":false,"pivot":{"x":29.697336196899415,"y":8.163100242614746,"z":-9.788836479187012},"rotation":{"x":0.008798196911811829,"y":-0.9847680926322937,"z":0.0520484484732151,"w":0.16578644514083863},"size":3.248875856399536,"orthographic":false}