{"cameraMode":{"drawMode":0,"name":"Shaded","section":"Shading Mode"},"sceneLighting":false,"audioPlay":false,"sceneViewState":{"showFog":true,"showMaterialUpdate":false,"showSkybox":false,"showFlares":true,"showImageEffects":true,"showParticleSystems":true},"in2DMode":false,"pivot":{"x":0.19602233171463014,"y":1.1362541913986207,"z":5.519908905029297},"rotation":{"x":0.13030916452407838,"y":-0.044613465666770938,"z":0.0058385636657476429,"w":0.9904718995094299},"size":2.655756950378418,"orthographic":false}