{"cameraMode":{"drawMode":0,"name":"Shaded","section":"Shading Mode"},"sceneLighting":false,"audioPlay":false,"sceneViewState":{"showFog":true,"showMaterialUpdate":false,"showSkybox":false,"showFlares":true,"showImageEffects":true,"showParticleSystems":true},"in2DMode":false,"pivot":{"x":-0.09393119812011719,"y":7.439981460571289,"z":0.06397852301597595},"rotation":{"x":0.001821517595089972,"y":0.9965577721595764,"z":-0.07970510423183441,"w":0.022725779563188554},"size":84.28099060058594,"orthographic":false}