{"cameraMode":{"drawMode":0,"name":"Shaded","section":"Shading Mode"},"sceneLighting":false,"audioPlay":false,"sceneViewState":{"showFog":true,"showMaterialUpdate":false,"showSkybox":false,"showFlares":true,"showImageEffects":true,"showParticleSystems":true},"in2DMode":false,"pivot":{"x":511.9210205078125,"y":342.5756530761719,"z":265.8169250488281},"rotation":{"x":0.4112386405467987,"y":-0.21276500821113587,"z":0.09931254386901856,"w":0.880790650844574},"size":0.23748478293418885,"orthographic":false}