{"cameraMode":{"drawMode":0,"name":"Shaded","section":"Shading Mode"},"sceneLighting":true,"audioPlay":false,"sceneViewState":{"showFog":true,"showMaterialUpdate":false,"showSkybox":true,"showFlares":true,"showImageEffects":true,"showParticleSystems":true},"in2DMode":false,"pivot":{"x":500.54803466796877,"y":0.7504228353500366,"z":494.72991943359377},"rotation":{"x":0.03387260437011719,"y":0.9658185839653015,"z":-0.19408415257930757,"w":0.16858091950416566},"size":3.6964011192321779,"orthographic":false}