{"cameraMode":{"drawMode":0,"name":"Shaded","section":"Shading Mode"},"sceneLighting":false,"audioPlay":false,"sceneViewState":{"showFog":true,"showMaterialUpdate":false,"showSkybox":false,"showFlares":true,"showImageEffects":true,"showParticleSystems":true},"in2DMode":false,"pivot":{"x":-0.0024290084838867189,"y":0.6796640157699585,"z":-0.027029812335968019},"rotation":{"x":0.3123742341995239,"y":0.05835657939314842,"z":-0.01926656998693943,"w":0.9479889869689941},"size":1.1443325281143189,"orthographic":false}