{"cameraMode":{"drawMode":0,"name":"Shaded","section":"Shading Mode"},"sceneLighting":false,"audioPlay":false,"sceneViewState":{"showFog":true,"showMaterialUpdate":false,"showSkybox":false,"showFlares":true,"showImageEffects":true,"showParticleSystems":true},"in2DMode":false,"pivot":{"x":-0.5333995819091797,"y":0.03727831318974495,"z":0.7862187027931213},"rotation":{"x":-0.14408563077449799,"y":0.7382997870445252,"z":-0.16688983142375947,"w":-0.6374186277389526},"size":0.20172983407974244,"orthographic":false}